position_title,category,seniority,rate_min,rate_median,rate_max,currency,rate_type,source,region
IT Director / CIO,Zarządzanie IT,director,30000,50000,80000,PLN,monthly_gross_uop,Hays Poland Raport płacowy 2026,Polska
IT Project Manager,Zarządzanie IT,manager,17000,22000,27000,PLN,monthly_gross_uop,Hays Poland Raport płacowy 2026,Polska
Business / System Analyst,Zarządzanie IT,specialist,15000,17000,20000,PLN,monthly_gross_uop,Hays Poland Raport płacowy 2026,Polska
Software Development Director/Manager,Programowanie,director,28000,40000,50000,PLN,monthly_gross_uop,Hays Poland Raport płacowy 2026,Polska
Java Developer,Programowanie,senior,16000,20000,25000,PLN,monthly_gross_uop,Hays Poland Raport płacowy 2026,Polska
.NET / C# Developer,Programowanie,senior,15000,19000,24000,PLN,monthly_gross_uop,Hays Poland Raport płacowy 2026,Polska
C / C++ Developer,Programowanie,senior,14000,18000,23000,PLN,monthly_gross_uop,Hays Poland Raport płacowy 2026,Polska
Front-End Developer,Programowanie,senior,13000,17000,22000,PLN,monthly_gross_uop,Hays Poland Raport płacowy 2026,Polska
PHP Developer,Programowanie,senior,12000,16000,20000,PLN,monthly_gross_uop,Hays Poland Raport płacowy 2026,Polska
Mobile Developer,Programowanie,senior,16000,20000,25000,PLN,monthly_gross_uop,Hays Poland Raport płacowy 2026,Polska
RPA Developer,Programowanie,senior,11000,15000,19000,PLN,monthly_gross_uop,Hays Poland Raport płacowy 2026,Polska
Automation Tester,Testowanie,senior,14000,18000,21000,PLN,monthly_gross_uop,Hays Poland Raport płacowy 2026,Polska
Manual Tester,Testowanie,senior,9000,11000,14000,PLN,monthly_gross_uop,Hays Poland Raport płacowy 2026,Polska
Network Administrator,Infrastruktura i Cloud,specialist,14000,16000,19000,PLN,monthly_gross_uop,Hays Poland Raport płacowy 2026,Polska
Unix / Linux Admin,Infrastruktura i Cloud,specialist,15000,17000,20000,PLN,monthly_gross_uop,Hays Poland Raport płacowy 2026,Polska
Microsoft Windows Server Admin,Infrastruktura i Cloud,specialist,15000,17000,20000,PLN,monthly_gross_uop,Hays Poland Raport płacowy 2026,Polska
Infrastructure Manager,Infrastruktura i Cloud,manager,20000,25000,30000,PLN,monthly_gross_uop,Hays Poland Raport płacowy 2026,Polska
"Database Administrator (Oracle, MS SQL)",Infrastruktura i Cloud,specialist,14000,18000,20000,PLN,monthly_gross_uop,Hays Poland Raport płacowy 2026,Polska
3rd Line Support,Infrastruktura i Cloud,specialist,13000,16000,18000,PLN,monthly_gross_uop,Hays Poland Raport płacowy 2026,Polska
2nd Line Support,Infrastruktura i Cloud,junior,9000,12000,14000,PLN,monthly_gross_uop,Hays Poland Raport płacowy 2026,Polska
Service Desk Manager,Infrastruktura i Cloud,manager,15000,21000,25000,PLN,monthly_gross_uop,Hays Poland Raport płacowy 2026,Polska
DevOps Engineer,Infrastruktura i Cloud,senior,18000,23000,25000,PLN,monthly_gross_uop,Hays Poland Raport płacowy 2026,Polska
Cloud Engineer,Infrastruktura i Cloud,senior,20000,24000,26000,PLN,monthly_gross_uop,Hays Poland Raport płacowy 2026,Polska
Security Manager,Bezpieczeństwo IT,manager,32000,40000,48000,PLN,monthly_gross_uop,Hays Poland Raport płacowy 2026,Polska
Security Consultant,Bezpieczeństwo IT,senior,21000,25000,29000,PLN,monthly_gross_uop,Hays Poland Raport płacowy 2026,Polska
Infrastructure Security Specialist,Bezpieczeństwo IT,specialist,18000,20000,23000,PLN,monthly_gross_uop,Hays Poland Raport płacowy 2026,Polska
Applications Security Specialist,Bezpieczeństwo IT,specialist,18000,20000,23000,PLN,monthly_gross_uop,Hays Poland Raport płacowy 2026,Polska
Cybersecurity Architect,Bezpieczeństwo IT,expert,32000,38000,45000,PLN,monthly_gross_uop,Hays Poland Raport płacowy 2026,Polska
Cybersecurity Engineer,Bezpieczeństwo IT,senior,25000,29000,34000,PLN,monthly_gross_uop,Hays Poland Raport płacowy 2026,Polska
Cybersecurity SOC Manager,Bezpieczeństwo IT,manager,30000,34000,38000,PLN,monthly_gross_uop,Hays Poland Raport płacowy 2026,Polska
Cybersecurity SOC Analyst Tier 3,Bezpieczeństwo IT,senior,20000,25000,29000,PLN,monthly_gross_uop,Hays Poland Raport płacowy 2026,Polska
Cybersecurity SOC Analyst Tier 2,Bezpieczeństwo IT,specialist,15000,18000,20000,PLN,monthly_gross_uop,Hays Poland Raport płacowy 2026,Polska
ERP Consultant,ERP i CRM,senior,19000,26000,30000,PLN,monthly_gross_uop,Hays Poland Raport płacowy 2026,Polska
ERP Business Analyst / Support,ERP i CRM,specialist,14000,17000,20000,PLN,monthly_gross_uop,Hays Poland Raport płacowy 2026,Polska
ABAP Developer,ERP i CRM,senior,19000,24000,29000,PLN,monthly_gross_uop,Hays Poland Raport płacowy 2026,Polska
Salesforce Developer,ERP i CRM,senior,18000,22000,25000,PLN,monthly_gross_uop,Hays Poland Raport płacowy 2026,Polska
Salesforce Consultant,ERP i CRM,senior,17000,20000,25000,PLN,monthly_gross_uop,Hays Poland Raport płacowy 2026,Polska
SAP Basis Administrator,ERP i CRM,senior,18000,22000,26000,PLN,monthly_gross_uop,Hays Poland Raport płacowy 2026,Polska
SAP SD Consultant,ERP i CRM,senior,22000,27000,30000,PLN,monthly_gross_uop,Hays Poland Raport płacowy 2026,Polska
SAP FI Consultant,ERP i CRM,senior,22000,26000,30000,PLN,monthly_gross_uop,Hays Poland Raport płacowy 2026,Polska
SAP PP Consultant,ERP i CRM,senior,25000,30000,34000,PLN,monthly_gross_uop,Hays Poland Raport płacowy 2026,Polska
SAP eWM Consultant,ERP i CRM,expert,27000,32000,36000,PLN,monthly_gross_uop,Hays Poland Raport płacowy 2026,Polska
SAP Ariba,ERP i CRM,senior,22000,26000,29000,PLN,monthly_gross_uop,Hays Poland Raport płacowy 2026,Polska
SAP QM Consultant,ERP i CRM,senior,26000,29000,34000,PLN,monthly_gross_uop,Hays Poland Raport płacowy 2026,Polska
SAP PI/PO Consultant,ERP i CRM,expert,28000,33000,38000,PLN,monthly_gross_uop,Hays Poland Raport płacowy 2026,Polska
Big Data Developer,Dane i AI,senior,17000,21000,25000,PLN,monthly_gross_uop,Hays Poland Raport płacowy 2026,Polska
Machine Learning Engineer,Dane i AI,senior,19000,23000,26000,PLN,monthly_gross_uop,Hays Poland Raport płacowy 2026,Polska
Data Scientist,Dane i AI,senior,20000,24000,27000,PLN,monthly_gross_uop,Hays Poland Raport płacowy 2026,Polska
Data Engineer,Dane i AI,senior,16000,19000,21000,PLN,monthly_gross_uop,Hays Poland Raport płacowy 2026,Polska
dyrektor IT (D1),Infrastruktura i Cloud,director,32817,38328,40990,PLN,monthly_b2b_netto,Sedlak & Sedlak Raport IT jesień/zima 2025,Polska
kierownik działu IT (K2),Infrastruktura i Cloud,manager,26850,28140,33042,PLN,monthly_b2b_netto,Sedlak & Sedlak Raport IT jesień/zima 2025,Polska
kierownik działu IT (K1),Infrastruktura i Cloud,manager,16153,20368,23249,PLN,monthly_b2b_netto,Sedlak & Sedlak Raport IT jesień/zima 2025,Polska
administrator systemu (SE),Infrastruktura i Cloud,senior,16238,20635,25590,PLN,monthly_b2b_netto,Sedlak & Sedlak Raport IT jesień/zima 2025,Polska
administrator systemu (SS),Infrastruktura i Cloud,mid,15000,17032,18063,PLN,monthly_b2b_netto,Sedlak & Sedlak Raport IT jesień/zima 2025,Polska
administrator systemu (SD),Infrastruktura i Cloud,junior,10838,12795,15053,PLN,monthly_b2b_netto,Sedlak & Sedlak Raport IT jesień/zima 2025,Polska
kierownik ds. analizy danych (K1),Dane i AI,manager,20471,24084,27697,PLN,monthly_b2b_netto,Sedlak & Sedlak Raport IT jesień/zima 2025,Polska
analityk danych (SS),Dane i AI,mid,15099,17763,20427,PLN,monthly_b2b_netto,Sedlak & Sedlak Raport IT jesień/zima 2025,Polska
inżynier Big Data (SE),Dane i AI,senior,26342,27095,27848,PLN,monthly_b2b_netto,Sedlak & Sedlak Raport IT jesień/zima 2025,Polska
inżynier Big Data (SS),Dane i AI,mid,19290,22000,23839,PLN,monthly_b2b_netto,Sedlak & Sedlak Raport IT jesień/zima 2025,Polska
inżynier Big Data (SD),Dane i AI,junior,14074,16558,19042,PLN,monthly_b2b_netto,Sedlak & Sedlak Raport IT jesień/zima 2025,Polska
inżynier systemów Business Intelligence (SE),Dane i AI,senior,22579,25319,25700,PLN,monthly_b2b_netto,Sedlak & Sedlak Raport IT jesień/zima 2025,Polska
inżynier systemów Business Intelligence (SS),Dane i AI,mid,16709,18816,21827,PLN,monthly_b2b_netto,Sedlak & Sedlak Raport IT jesień/zima 2025,Polska
inżynier systemów Business Intelligence (SD),Dane i AI,junior,12992,14867,17085,PLN,monthly_b2b_netto,Sedlak & Sedlak Raport IT jesień/zima 2025,Polska
inżynier systemów Business Intelligence (SM),Dane i AI,junior,9398,11056,12714,PLN,monthly_b2b_netto,Sedlak & Sedlak Raport IT jesień/zima 2025,Polska
specjalista ds. AI (SS),Dane i AI,mid,21827,23986,24084,PLN,monthly_b2b_netto,Sedlak & Sedlak Raport IT jesień/zima 2025,Polska
specjalista ds. AI (SD),Dane i AI,junior,18816,19778,22400,PLN,monthly_b2b_netto,Sedlak & Sedlak Raport IT jesień/zima 2025,Polska
programista baz danych (SS),Dane i AI,mid,15053,19655,24084,PLN,monthly_b2b_netto,Sedlak & Sedlak Raport IT jesień/zima 2025,Polska
programista baz danych (SD),Dane i AI,junior,13115,15429,17743,PLN,monthly_b2b_netto,Sedlak & Sedlak Raport IT jesień/zima 2025,Polska
kierownik projektu IT (K2),Zarządzanie IT,manager,21224,23269,26831,PLN,monthly_b2b_netto,Sedlak & Sedlak Raport IT jesień/zima 2025,Polska
kierownik projektu IT (K1),Zarządzanie IT,manager,16558,18514,21475,PLN,monthly_b2b_netto,Sedlak & Sedlak Raport IT jesień/zima 2025,Polska
koordynator projektu IT (KZ),Zarządzanie IT,lead,11139,14372,21000,PLN,monthly_b2b_netto,Sedlak & Sedlak Raport IT jesień/zima 2025,Polska
specjalista ds. zarządzania projektami IT (SE),Zarządzanie IT,senior,21187,22730,26000,PLN,monthly_b2b_netto,Sedlak & Sedlak Raport IT jesień/zima 2025,Polska
specjalista ds. zarządzania projektami IT (SS),Zarządzanie IT,mid,17000,20132,23113,PLN,monthly_b2b_netto,Sedlak & Sedlak Raport IT jesień/zima 2025,Polska
specjalista ds. zarządzania projektami IT (SD),Zarządzanie IT,junior,14349,16881,19413,PLN,monthly_b2b_netto,Sedlak & Sedlak Raport IT jesień/zima 2025,Polska
Product Owner (SSE),Zarządzanie IT,expert,25813,30368,34923,PLN,monthly_b2b_netto,Sedlak & Sedlak Raport IT jesień/zima 2025,Polska
Product Owner (SE),Zarządzanie IT,senior,19677,23332,25322,PLN,monthly_b2b_netto,Sedlak & Sedlak Raport IT jesień/zima 2025,Polska
Product Owner (SS),Zarządzanie IT,mid,17680,20640,23750,PLN,monthly_b2b_netto,Sedlak & Sedlak Raport IT jesień/zima 2025,Polska
Product Owner (SD),Zarządzanie IT,junior,11300,14959,17841,PLN,monthly_b2b_netto,Sedlak & Sedlak Raport IT jesień/zima 2025,Polska
Scrum Master/Agile coach (SE),Zarządzanie IT,senior,24837,25590,27095,PLN,monthly_b2b_netto,Sedlak & Sedlak Raport IT jesień/zima 2025,Polska
Scrum Master/Agile coach (SS),Zarządzanie IT,mid,19343,20321,22579,PLN,monthly_b2b_netto,Sedlak & Sedlak Raport IT jesień/zima 2025,Polska
Scrum Master/Agile coach (SD),Zarządzanie IT,junior,10880,14917,21450,PLN,monthly_b2b_netto,Sedlak & Sedlak Raport IT jesień/zima 2025,Polska
architekt systemowy (SSE),Programowanie,expert,28853,34621,43009,PLN,monthly_b2b_netto,Sedlak & Sedlak Raport IT jesień/zima 2025,Polska
architekt systemowy (SE),Programowanie,senior,21827,24837,27369,PLN,monthly_b2b_netto,Sedlak & Sedlak Raport IT jesień/zima 2025,Polska
architekt systemowy (SS),Programowanie,mid,19116,22490,25863,PLN,monthly_b2b_netto,Sedlak & Sedlak Raport IT jesień/zima 2025,Polska
analityk systemowy (SE),Programowanie,senior,19569,21074,23332,PLN,monthly_b2b_netto,Sedlak & Sedlak Raport IT jesień/zima 2025,Polska
analityk systemowy (SS),Programowanie,mid,17401,18066,20698,PLN,monthly_b2b_netto,Sedlak & Sedlak Raport IT jesień/zima 2025,Polska
analityk systemowy (SD),Programowanie,junior,13697,15800,18063,PLN,monthly_b2b_netto,Sedlak & Sedlak Raport IT jesień/zima 2025,Polska
kierownik ds. UX/UI (K1),Programowanie,manager,20533,21855,24290,PLN,monthly_b2b_netto,Sedlak & Sedlak Raport IT jesień/zima 2025,Polska
specjalista UX/UI (SE),Programowanie,senior,18000,21213,22579,PLN,monthly_b2b_netto,Sedlak & Sedlak Raport IT jesień/zima 2025,Polska
specjalista UX/UI (SS),Programowanie,mid,15053,17110,19634,PLN,monthly_b2b_netto,Sedlak & Sedlak Raport IT jesień/zima 2025,Polska
specjalista UX/UI (SD),Programowanie,junior,11698,13026,15065,PLN,monthly_b2b_netto,Sedlak & Sedlak Raport IT jesień/zima 2025,Polska
dyrektor ds. produkcji oprogramowania (D2),Programowanie,director,38421,45201,51981,PLN,monthly_b2b_netto,Sedlak & Sedlak Raport IT jesień/zima 2025,Polska
dyrektor ds. produkcji oprogramowania (D1),Programowanie,director,34004,40005,46006,PLN,monthly_b2b_netto,Sedlak & Sedlak Raport IT jesień/zima 2025,Polska
kierownik zespołu programistów (K2),Programowanie,manager,25118,28042,33116,PLN,monthly_b2b_netto,Sedlak & Sedlak Raport IT jesień/zima 2025,Polska
kierownik zespołu programistów (K1),Programowanie,manager,22579,27796,29497,PLN,monthly_b2b_netto,Sedlak & Sedlak Raport IT jesień/zima 2025,Polska
koordynator zespołu programistów (KZ),Programowanie,lead,20407,23945,24798,PLN,monthly_b2b_netto,Sedlak & Sedlak Raport IT jesień/zima 2025,Polska
inżynier DevOps (SSE),Programowanie,expert,26824,30106,33628,PLN,monthly_b2b_netto,Sedlak & Sedlak Raport IT jesień/zima 2025,Polska
inżynier DevOps (SE),Programowanie,senior,24006,25289,28500,PLN,monthly_b2b_netto,Sedlak & Sedlak Raport IT jesień/zima 2025,Polska
inżynier DevOps (SS),Programowanie,mid,19496,22193,24897,PLN,monthly_b2b_netto,Sedlak & Sedlak Raport IT jesień/zima 2025,Polska
inżynier DevOps (SD),Programowanie,junior,15507,18321,21455,PLN,monthly_b2b_netto,Sedlak & Sedlak Raport IT jesień/zima 2025,Polska
inżynier DevOps (SM),Programowanie,junior,9634,11000,12042,PLN,monthly_b2b_netto,Sedlak & Sedlak Raport IT jesień/zima 2025,Polska
programista (SSE),Programowanie,expert,26568,29503,35200,PLN,monthly_b2b_netto,Sedlak & Sedlak Raport IT jesień/zima 2025,Polska
programista (SE),Programowanie,senior,20321,23000,26259,PLN,monthly_b2b_netto,Sedlak & Sedlak Raport IT jesień/zima 2025,Polska
programista (SS),Programowanie,mid,15500,18816,22203,PLN,monthly_b2b_netto,Sedlak & Sedlak Raport IT jesień/zima 2025,Polska
programista (SD),Programowanie,junior,9784,11894,18094,PLN,monthly_b2b_netto,Sedlak & Sedlak Raport IT jesień/zima 2025,Polska
programista (SM),Programowanie,junior,4591,9067,11667,PLN,monthly_b2b_netto,Sedlak & Sedlak Raport IT jesień/zima 2025,Polska
programista Full Stack (SE),Programowanie,senior,22548,24677,26260,PLN,monthly_b2b_netto,Sedlak & Sedlak Raport IT jesień/zima 2025,Polska
programista Full Stack (SS),Programowanie,mid,18364,20773,22778,PLN,monthly_b2b_netto,Sedlak & Sedlak Raport IT jesień/zima 2025,Polska
programista Full Stack (SD),Programowanie,junior,13050,16599,18111,PLN,monthly_b2b_netto,Sedlak & Sedlak Raport IT jesień/zima 2025,Polska
programista Front-End (SSE),Programowanie,expert,23316,27430,31544,PLN,monthly_b2b_netto,Sedlak & Sedlak Raport IT jesień/zima 2025,Polska
programista Front-End (SE),Programowanie,senior,21827,23742,25289,PLN,monthly_b2b_netto,Sedlak & Sedlak Raport IT jesień/zima 2025,Polska
programista Front-End (SS),Programowanie,mid,18300,20321,22618,PLN,monthly_b2b_netto,Sedlak & Sedlak Raport IT jesień/zima 2025,Polska
programista Front-End (SD),Programowanie,junior,13148,15295,17998,PLN,monthly_b2b_netto,Sedlak & Sedlak Raport IT jesień/zima 2025,Polska
programista Front-End (SM),Programowanie,junior,8214,8988,10167,PLN,monthly_b2b_netto,Sedlak & Sedlak Raport IT jesień/zima 2025,Polska
programista Back-End (SE),Programowanie,senior,24084,26493,29000,PLN,monthly_b2b_netto,Sedlak & Sedlak Raport IT jesień/zima 2025,Polska
programista Back-End (SS),Programowanie,mid,18300,21074,22086,PLN,monthly_b2b_netto,Sedlak & Sedlak Raport IT jesień/zima 2025,Polska
programista Back-End (SD),Programowanie,junior,13873,15805,18063,PLN,monthly_b2b_netto,Sedlak & Sedlak Raport IT jesień/zima 2025,Polska
programista aplikacji mobilnych (SE),Programowanie,senior,22128,23622,25120,PLN,monthly_b2b_netto,Sedlak & Sedlak Raport IT jesień/zima 2025,Polska
programista aplikacji mobilnych (SS),Programowanie,mid,19076,20321,23332,PLN,monthly_b2b_netto,Sedlak & Sedlak Raport IT jesień/zima 2025,Polska
programista aplikacji mobilnych (SD),Programowanie,junior,13768,15882,20527,PLN,monthly_b2b_netto,Sedlak & Sedlak Raport IT jesień/zima 2025,Polska
programista .NET/C# (SSE),Programowanie,expert,28600,32815,34513,PLN,monthly_b2b_netto,Sedlak & Sedlak Raport IT jesień/zima 2025,Polska
programista .NET/C# (SE),Programowanie,senior,21074,23000,25669,PLN,monthly_b2b_netto,Sedlak & Sedlak Raport IT jesień/zima 2025,Polska
programista .NET/C# (SS),Programowanie,mid,17311,20480,23141,PLN,monthly_b2b_netto,Sedlak & Sedlak Raport IT jesień/zima 2025,Polska
programista .NET/C# (SD),Programowanie,junior,13548,15889,18063,PLN,monthly_b2b_netto,Sedlak & Sedlak Raport IT jesień/zima 2025,Polska
programista C/C++ (SE),Programowanie,senior,23332,24837,27848,PLN,monthly_b2b_netto,Sedlak & Sedlak Raport IT jesień/zima 2025,Polska
programista C/C++ (SS),Programowanie,mid,20321,21101,23332,PLN,monthly_b2b_netto,Sedlak & Sedlak Raport IT jesień/zima 2025,Polska
programista C/C++ (SD),Programowanie,junior,14074,16558,19042,PLN,monthly_b2b_netto,Sedlak & Sedlak Raport IT jesień/zima 2025,Polska
programista Java (SSE),Programowanie,expert,28901,29426,33116,PLN,monthly_b2b_netto,Sedlak & Sedlak Raport IT jesień/zima 2025,Polska
programista Java (SE),Programowanie,senior,22579,24837,27095,PLN,monthly_b2b_netto,Sedlak & Sedlak Raport IT jesień/zima 2025,Polska
programista Java (SS),Programowanie,mid,18816,20773,24084,PLN,monthly_b2b_netto,Sedlak & Sedlak Raport IT jesień/zima 2025,Polska
programista Java (SD),Programowanie,junior,14153,17607,20321,PLN,monthly_b2b_netto,Sedlak & Sedlak Raport IT jesień/zima 2025,Polska
programista Java (SM),Programowanie,junior,9667,11290,13548,PLN,monthly_b2b_netto,Sedlak & Sedlak Raport IT jesień/zima 2025,Polska
programista PHP (SE),Programowanie,senior,19569,21827,23905,PLN,monthly_b2b_netto,Sedlak & Sedlak Raport IT jesień/zima 2025,Polska
programista PHP (SS),Programowanie,mid,16000,17821,19397,PLN,monthly_b2b_netto,Sedlak & Sedlak Raport IT jesień/zima 2025,Polska
programista PHP (SD),Programowanie,junior,13925,15040,17405,PLN,monthly_b2b_netto,Sedlak & Sedlak Raport IT jesień/zima 2025,Polska
programista Python (SE),Programowanie,senior,23332,24837,27095,PLN,monthly_b2b_netto,Sedlak & Sedlak Raport IT jesień/zima 2025,Polska
programista Python (SS),Programowanie,mid,18797,20801,22810,PLN,monthly_b2b_netto,Sedlak & Sedlak Raport IT jesień/zima 2025,Polska
programista Python (SD),Programowanie,junior,12644,17067,19569,PLN,monthly_b2b_netto,Sedlak & Sedlak Raport IT jesień/zima 2025,Polska
specjalista ds. bezpieczeństwa IT (SS),Bezpieczeństwo IT,mid,19751,23236,26721,PLN,monthly_b2b_netto,Sedlak & Sedlak Raport IT jesień/zima 2025,Polska
kierownik zespołu testerów (K2),Testowanie,manager,23001,27060,31119,PLN,monthly_b2b_netto,Sedlak & Sedlak Raport IT jesień/zima 2025,Polska
kierownik zespołu testerów (K1),Testowanie,manager,21074,27000,27848,PLN,monthly_b2b_netto,Sedlak & Sedlak Raport IT jesień/zima 2025,Polska
tester oprogramowania - automatyczny (SE),Testowanie,senior,21006,21827,24084,PLN,monthly_b2b_netto,Sedlak & Sedlak Raport IT jesień/zima 2025,Polska
tester oprogramowania - automatyczny (SS),Testowanie,mid,16257,18063,20267,PLN,monthly_b2b_netto,Sedlak & Sedlak Raport IT jesień/zima 2025,Polska
tester oprogramowania - automatyczny (SD),Testowanie,junior,12486,14154,15889,PLN,monthly_b2b_netto,Sedlak & Sedlak Raport IT jesień/zima 2025,Polska
tester oprogramowania - automatyczny (SM),Testowanie,junior,6473,9421,10537,PLN,monthly_b2b_netto,Sedlak & Sedlak Raport IT jesień/zima 2025,Polska
tester oprogramowania - manualny (SE),Testowanie,senior,17000,17311,19542,PLN,monthly_b2b_netto,Sedlak & Sedlak Raport IT jesień/zima 2025,Polska
tester oprogramowania - manualny (SS),Testowanie,mid,12795,15053,16859,PLN,monthly_b2b_netto,Sedlak & Sedlak Raport IT jesień/zima 2025,Polska
tester oprogramowania - manualny (SD),Testowanie,junior,10376,11290,14000,PLN,monthly_b2b_netto,Sedlak & Sedlak Raport IT jesień/zima 2025,Polska
tester oprogramowania - manualny (SM),Testowanie,junior,6723,7978,9173,PLN,monthly_b2b_netto,Sedlak & Sedlak Raport IT jesień/zima 2025,Polska
kierownik ds. wdrożeń (K1),ERP i CRM,manager,21075,24794,28513,PLN,monthly_b2b_netto,Sedlak & Sedlak Raport IT jesień/zima 2025,Polska
kierownik ds. realizacji usług (K2),ERP i CRM,manager,26225,28224,32665,PLN,monthly_b2b_netto,Sedlak & Sedlak Raport IT jesień/zima 2025,Polska
kierownik ds. realizacji usług (K1),ERP i CRM,manager,17122,24386,28615,PLN,monthly_b2b_netto,Sedlak & Sedlak Raport IT jesień/zima 2025,Polska
konsultant/wdrożeniowiec (SE),ERP i CRM,senior,13675,19606,23155,PLN,monthly_b2b_netto,Sedlak & Sedlak Raport IT jesień/zima 2025,Polska
konsultant/wdrożeniowiec (SS),ERP i CRM,mid,11169,16000,18811,PLN,monthly_b2b_netto,Sedlak & Sedlak Raport IT jesień/zima 2025,Polska
konsultant/wdrożeniowiec (SD),ERP i CRM,junior,10642,11067,12163,PLN,monthly_b2b_netto,Sedlak & Sedlak Raport IT jesień/zima 2025,Polska
analityk biznesowy (SSE),ERP i CRM,expert,21696,25525,29354,PLN,monthly_b2b_netto,Sedlak & Sedlak Raport IT jesień/zima 2025,Polska
analityk biznesowy (SE),ERP i CRM,senior,19569,21074,24084,PLN,monthly_b2b_netto,Sedlak & Sedlak Raport IT jesień/zima 2025,Polska
analityk biznesowy (SS),ERP i CRM,mid,16638,19000,20831,PLN,monthly_b2b_netto,Sedlak & Sedlak Raport IT jesień/zima 2025,Polska
analityk biznesowy (SD),ERP i CRM,junior,13132,15035,16850,PLN,monthly_b2b_netto,Sedlak & Sedlak Raport IT jesień/zima 2025,Polska
inżynier Cloud (SSE),Infrastruktura i Cloud,expert,23671,27848,32025,PLN,monthly_b2b_netto,Sedlak & Sedlak Raport IT jesień/zima 2025,Polska
kierownik ds. techniczno-sprzętowych (K1),Infrastruktura i Cloud,manager,19148,22527,25906,PLN,monthly_b2b_netto,Sedlak & Sedlak Raport IT jesień/zima 2025,Polska
specjalista help-desk (SS),Infrastruktura i Cloud,mid,9333,10185,11400,PLN,monthly_b2b_netto,Sedlak & Sedlak Raport IT jesień/zima 2025,Polska
specjalista ds. wsparcia IT (SE),Infrastruktura i Cloud,senior,13274,16083,20321,PLN,monthly_b2b_netto,Sedlak & Sedlak Raport IT jesień/zima 2025,Polska
specjalista ds. wsparcia IT (SS),Infrastruktura i Cloud,mid,10771,12672,14573,PLN,monthly_b2b_netto,Sedlak & Sedlak Raport IT jesień/zima 2025,Polska
specjalista ds. wsparcia IT (SD),Infrastruktura i Cloud,junior,9175,9784,10836,PLN,monthly_b2b_netto,Sedlak & Sedlak Raport IT jesień/zima 2025,Polska
Business Analyst,Dane i AI,mid,100.0,100.0,100.0,PLN,hourly_b2b_netto,Nordea COA 2025,Polska (klient: Nordea)
Business Analyst - Senior,Dane i AI,senior,130.0,130.0,130.0,PLN,hourly_b2b_netto,Nordea COA 2025,Polska (klient: Nordea)
I&O - Oracle DBA,Infrastruktura i Cloud,mid,110.0,110.0,110.0,PLN,hourly_b2b_netto,Nordea COA 2025,Polska (klient: Nordea)
IT Analyst,Dane i AI,mid,90.0,120.0,155.0,PLN,hourly_b2b_netto,Nordea COA 2025,Polska (klient: Nordea)
IT Analyst - Expert,Dane i AI,expert,90.0,150.0,165.0,PLN,hourly_b2b_netto,Nordea COA 2025,Polska (klient: Nordea)
IT Analyst - Senior,Dane i AI,senior,115.0,128.0,150.0,PLN,hourly_b2b_netto,Nordea COA 2025,Polska (klient: Nordea)
IT Architect,Programowanie,mid,190.0,190.0,190.0,PLN,hourly_b2b_netto,Nordea COA 2025,Polska (klient: Nordea)
IT Architect - Expert,Programowanie,expert,185.0,210.0,240.0,PLN,hourly_b2b_netto,Nordea COA 2025,Polska (klient: Nordea)
IT Architect - Senior,Programowanie,senior,180.0,200.0,225.0,PLN,hourly_b2b_netto,Nordea COA 2025,Polska (klient: Nordea)
IT Automation Tester,Testowanie,mid,100.0,100.0,115.0,PLN,hourly_b2b_netto,Nordea COA 2025,Polska (klient: Nordea)
IT Automation Tester - Expert,Testowanie,expert,140.0,156.0,170.0,PLN,hourly_b2b_netto,Nordea COA 2025,Polska (klient: Nordea)
IT Automation Tester - Senior,Testowanie,senior,90.0,125.0,140.0,PLN,hourly_b2b_netto,Nordea COA 2025,Polska (klient: Nordea)
IT Developer,Programowanie,mid,100.0,115.0,180.0,PLN,hourly_b2b_netto,Nordea COA 2025,Polska (klient: Nordea)
IT Developer - Expert,Programowanie,expert,145.0,155.0,245.0,PLN,hourly_b2b_netto,Nordea COA 2025,Polska (klient: Nordea)
IT Developer - Senior,Programowanie,senior,87.0,144.0,220.0,PLN,hourly_b2b_netto,Nordea COA 2025,Polska (klient: Nordea)
IT Governance Consultant,Zarządzanie IT,mid,180.0,180.0,180.0,PLN,hourly_b2b_netto,Nordea COA 2025,Polska (klient: Nordea)
IT Operations - Expert,Infrastruktura i Cloud,expert,145.0,158.0,185.0,PLN,hourly_b2b_netto,Nordea COA 2025,Polska (klient: Nordea)
IT Operations - Senior,Infrastruktura i Cloud,senior,100.0,139.0,145.0,PLN,hourly_b2b_netto,Nordea COA 2025,Polska (klient: Nordea)
IT Project Assistant,Zarządzanie IT,mid,83.0,85.0,105.0,PLN,hourly_b2b_netto,Nordea COA 2025,Polska (klient: Nordea)
IT Project Manager,Zarządzanie IT,mid,122.0,140.0,163.0,PLN,hourly_b2b_netto,Nordea COA 2025,Polska (klient: Nordea)
IT Project Manager - Expert,Zarządzanie IT,expert,180.0,200.0,200.0,PLN,hourly_b2b_netto,Nordea COA 2025,Polska (klient: Nordea)
IT Project Manager - Senior,Zarządzanie IT,senior,120.0,135.0,160.0,PLN,hourly_b2b_netto,Nordea COA 2025,Polska (klient: Nordea)
IT Security Consultant - Expert,Bezpieczeństwo IT,expert,123.0,123.0,123.0,PLN,hourly_b2b_netto,Nordea COA 2025,Polska (klient: Nordea)
IT Security Consultant - Senior,Bezpieczeństwo IT,senior,185.0,185.0,185.0,PLN,hourly_b2b_netto,Nordea COA 2025,Polska (klient: Nordea)
IT Test Manager,Testowanie,mid,110.0,130.0,130.0,PLN,hourly_b2b_netto,Nordea COA 2025,Polska (klient: Nordea)
IT Test Manager - Expert,Testowanie,expert,150.0,150.0,150.0,PLN,hourly_b2b_netto,Nordea COA 2025,Polska (klient: Nordea)
IT Test Manager - Senior,Testowanie,senior,135.0,155.0,155.0,PLN,hourly_b2b_netto,Nordea COA 2025,Polska (klient: Nordea)
IT Tester,Testowanie,mid,104.0,104.0,104.0,PLN,hourly_b2b_netto,Nordea COA 2025,Polska (klient: Nordea)
IT Tester - Senior,Testowanie,senior,65.0,102.0,190.0,PLN,hourly_b2b_netto,Nordea COA 2025,Polska (klient: Nordea)
